Institutions;Scores
;456.00
University of California;40.16
University of Washington;27.58
University of Toronto;17.74
Texas A and M University;16.93
Columbia University;13.21
University of Oxford;12.68
University of Michigan;12.41
University of Melbourne;11.74
Johns Hopkins University;11.72
University of Sydney;10.84
University of Pennsylvania;10.50
University of Queensland;10.15
University of Alabama at Birmingham;10.09
Duke University Medical Center;10.06
Yale University School of Medicine;9.97
University of North Carolina;9.26
Stanford University;8.42
University of Pittsburgh;8.42
Northwestern University;8.25
University of Bergen;8.23
University of Bristol;8.02
Emory University;7.77
University of Minnesota;7.73
Michigan State University;7.72
University of Western Australia;7.65
University of Alabama;7.54
University of Southern California;7.31
University of Amsterdam;7.24
University Hospital;7.15
University College London;6.83
University of Sheffield;6.75
Vanderbilt University Medical Center;6.74
University of Helsinki;6.26
University of British Columbia;6.01
University of Copenhagen;6.00
McGill University;5.89
University of Maryland;5.85
University of Alberta;5.83
University of Calgary;5.71
Boston University;5.64
University of Chicago;5.58
Yale University;5.27
University of California San Francisco;5.13
University of New South Wales;4.95
University of South Carolina;4.93
Chinese University of Hong Kong;4.90
Vanderbilt University;4.83
Lund University;4.80
University of Manchester;4.74
Oregon Health and Science University;4.71
University of Oulu;4.68
Oregon Health Sciences University;4.65
Thomas Jefferson University;4.65
University of Washington School of Medicine;4.64
University of Cambridge;4.39
University of Florida;4.38
Johns Hopkins University School of Medicine;4.34
University of Auckland;4.31
McMaster University;4.24
University of Arizona;4.22
University of Ottawa;4.18
University of Cincinnati;4.08
Monash University;4.00
University of Southampton;3.87
University of Texas;3.87
University of Massachusetts Medical School;3.87
National University of Singapore;3.82
University of Rochester;3.72
University of Newcastle;3.70
University of Aberdeen;3.68
Ohio State University;3.68
Medical University of South Carolina;3.68
Emory University School of Medicine;3.62
University of London;3.49
University of Massachusetts;3.48
Utrecht University;3.42
University of Western Ontario;3.41
Washington University School of Medicine;3.36
Vanderbilt University School of Medicine;3.34
Copenhagen University Hospital;3.34
Boston University School of Medicine;3.22
Aarhus University Hospital;3.22
Cornell University;3.18
University of Virginia;3.14
Wake Forest University;3.06
University Medical Center;3.05
University of Barcelona;3.04
University of Pennsylvania School of Medicine;3.03
University of Guelph;3.00
University of Virginia Health System;3.00
University of North Carolina at Chapel Hill;2.90
University of Texas Southwestern Medical Center;2.88
University of Colorado;2.83
University of Missouri;2.79
University of Oslo;2.72
Case Western Reserve University;2.71
University Medical Centre;2.70
George Washington University;2.69
University of Wisconsin;2.68
University of Edinburgh;2.67
Texas A/M University;2.63
Linköping University;2.62
Kyushu University;2.54
Helsinki University Central Hospital;2.53
University of Otago;2.49
Dalhousie University;2.47
Wayne State University;2.47
Catholic University of Korea;2.43
Isfahan University of Medical Sciences;2.42
Fudan University;2.41
Hospital of the University of Pennsylvania;2.40
University of Rochester Medical Center;2.38
University of Birmingham;2.33
University of Dundee;2.29
University of Manitoba;2.26
Pennington Biomedical Research Center;2.26
Tel Aviv University;2.25
University of Michigan Health System;2.24
Harvard University;2.24
University Hospital Maastricht;2.22
University of California-San Francisco;2.21
Queensland University of Technology;2.18
University of California at San Francisco;2.14
Université de Montréal;2.14
University of Utah;2.13
Texas A and M University Health Science Center;2.11
University of Texas M. D. Anderson Cancer Center;2.10
Texas AandM University;2.10
University of Texas Medical Branch;2.09
Sichuan University;2.07
University of Nottingham;2.07
University Hospitals of Cleveland;2.07
Stockholm University;2.05
Technische Universität Dresden;2.04
Mahidol University;2.03
University of Milan;2.03
University Medical Center Rotterdam;2.02
Norwegian University of Science and Technology;2.02
University of Colorado Health Sciences Center;2.00
Oklahoma State University;2.00
National Yang-Ming University;2.00
Portland State University;2.00
University of Pavia;2.00
Virginia Commonwealth University;2.00
University of Wuerzburg;2.00
University of Aarhus;2.00
Queen's University Belfast;2.00
University of South Australia;1.99
National Taiwan University;1.99
Second University of Naples;1.95
Rutgers University;1.92
Harborview Injury Prevention and Research Center;1.89
University of Adelaide;1.88
The University of Western Australia;1.88
Washington University;1.84
Fred Hutchinson Cancer Research Center;1.84
Duke University;1.83
Leiden University Medical Centre;1.81
Pennsylvania State University;1.81
VU University Medical Center;1.80
Purdue University;1.79
Tilburg University;1.79
University of Tennessee;1.77
Université Paris Descartes;1.77
University of Illinois;1.74
Boston University Medical Center;1.72
University of Miami;1.72
University of Cape Town;1.71
Maastricht University;1.69
Peking University;1.68
Drexel University;1.68
Ghent University;1.68
Brown University;1.67
University of South Florida;1.66
University Medical Center Groningen;1.66
Sahlgrenska University Hospital;1.65
Umeå University;1.65
Tampere University Hospital;1.64
University of Groningen;1.64
New York University School of Medicine;1.62
University of Southern Denmark;1.62
Charité-Universitätsmedizin Berlin;1.62
Northwestern University Feinberg School of Medicine;1.62
Hacettepe University;1.60
Centre Hospitalier Universitaire Vaudois;1.60
University of Iowa;1.60
University of Hong Kong;1.60
Korea University;1.60
Yonsei University;1.60
University of Plymouth;1.60
University of Bologna;1.60
University College;1.60
The Johns Hopkins University;1.60
German Cancer Research Center;1.60
University of Kuopio;1.60
Erasmus University Medical Center;1.60
Tehran University of Medical Sciences;1.58
University of Kentucky;1.58
University of Leipzig;1.58
Rush University Medical Center;1.58
Sungkyunkwan University School of Medicine;1.57
University of Tampere;1.56
University of California at Davis;1.55
Australian National University;1.54
Indiana University;1.54
University of Florence;1.52
Leiden University Medical Center;1.52
National Cheng Kung University;1.50
University of Glasgow;1.49
Georgetown University;1.49
Columbia University College of Physicians and Surgeons;1.48
Hong Kong Polytechnic University;1.47
University of Malawi;1.47
University of New York;1.47
East Carolina University;1.47
University of Texas at Austin;1.42
Vrije Universiteit Amsterdam;1.42
NW University Medical School;1.42
Royal Free and University College Medical School;1.41
Makerere University Medical School;1.41
National Taiwan University Hospital;1.41
University Medical Center Utrecht;1.40
The Chinese University of Hong Kong;1.40
Jadavpur University;1.40
University La Sapienza;1.40
University of Torino;1.40
University of East Anglia;1.40
Lausanne University Hospital;1.40
Research Centre;1.40
Universitat de Barcelona;1.39
University Hospital of North Norway;1.38
University Health Network;1.38
Saint Louis University;1.38
University of Illinois at Chicago;1.37
Gerontology Research Center;1.37
Acibadem University School of Medicine;1.37
Deakin University;1.36
University of California at San Diego;1.36
University of Arizona College of Medicine;1.35
Heidelberg University;1.35
Brigham Young University;1.33
University of Lund;1.33
University of Gothenburg;1.33
Universidade de São Paulo;1.32
South China University of Technology;1.32
Hasselt University;1.31
University of Michigan Medical School;1.30
University of Iowa Carver College of Medicine;1.29
Stanford University School of Medicine;1.29
University of Jyväskylä;1.28
University of Ulsan College of Medicine;1.28
Tufts University School of Medicine;1.28
University of Rochester School of Medicine;1.28
Kuopio University Hospital;1.27
University College Hospital;1.26
Hospital Universitario La Paz;1.26
Uppsala University;1.25
University of Pittsburgh Medical Center;1.25
Griffith University;1.25
University of Turku;1.24
Soroka University Medical Center;1.24
Radboud University Nijmegen Medical Centre;1.24
University of Montreal Health Center;1.24
Duke University School of Medicine;1.24
New York University;1.24
University of Zurich;1.24
Maastricht University Medical Center;1.21
Kaohsiung Medical University;1.21
Yangzhou University;1.21
Boston University School of Public Health;1.21
University of Göttingen;1.21
University of Nebraska;1.20
Northeastern University;1.20
Florida State University;1.20
University of Bath;1.18
Lund University Hospital;1.18
University of Georgia;1.18
University of Leicester;1.17
Weill Medical College of Cornell University;1.17
Queen's University;1.17
University of Canterbury;1.14
University of Surrey;1.13
Chulalongkorn University;1.13
Baylor University;1.13
American University of Beirut;1.12
Haukeland University Hospital;1.12
University Department of Surgery;1.11
Brown University School of Medicine;1.11
University of North Carolina School of Medicine;1.11
University of Bern;1.10
Seoul National University;1.10
Indiana University School of Medicine;1.09
Nirma University;1.07
Tulane University School of Public Health and Tropical Medicine;1.07
University Medical Centre Rotterdam;1.07
University of Erlangen-Nuremberg;1.07
University of Colorado School of Medicine;1.07
Aristotle University of Thessaloniki;1.07
Charles University;1.05
University of Ulm;1.05
Université Libre de Bruxelles;1.04
Georgetown University Medical Center;1.04
University of Regensburg;1.03
Stellenbosch University;1.03
University of Vermont;1.03
San Diego State University;1.02
University of Chicago Medical Center;1.02
Diabetes Research Centre;1.02
La Trobe University;1.01
Sapienza University of Rome;1.01
State University of New York at Stony Brook;1.01
University of Connecticut;1.00
Kwame Nkrumah University of Science and Technology;1.00
Universidade Federal de Minas Gerais;1.00
Clinical Research Center;1.00
University of Tartu;1.00
University of KwaZulu-Natal;1.00
Surgeons of Columbia University;1.00
Corporation;1.00
Università di Siena;1.00
Campus Universitario s/n;1.00
Chang Gung University and School of Medicine;1.00
And University of Minnesota;1.00
University of Chile;1.00
University of Reading;1.00
University Hospital Leiden;1.00
University of Louisville;1.00
Ernst-Moritz-Arndt-University of Greifswald;1.00
University Hospital of Heidelberg;1.00
Huddinge University Hospital;1.00
Hiroshima University;1.00
University of Illinois School of Public Health;1.00
University of North Carolina School of Public Health;1.00
Ullevaal University Hospital;1.00
Université de Versailles St-Quentin;1.00
Università Cattolica Del Sacro Cuore;1.00
Osaka University;1.00
Kyoto University Graduate School of Medicine;1.00
the State University of New Jersey;1.00
Pusan National University College of Medicine;1.00
University of Santiago de Compostela;1.00
Radboud University Medical Centre;1.00
Rehab. Outcomes Research Center;1.00
Qingdao Agricultural University;1.00
Centre Hospitalier Universitaire de Reims;1.00
University of California at Los Angeles Medical Center;1.00
Xi'an Jiaotong University;1.00
University of Colorado Denver;1.00
Current address: Cancer Research Center of Hawaii;1.00
University of Bohn;1.00
Liverpool Polytechnic;1.00
South-East University Medical School;1.00
Rosalind Franklin University of Medicine and Science;1.00
Erasmus MC University Medical Centre;1.00
Cooper University Hospital;1.00
Yokohama City University School of Medicine;1.00
Southeast University;1.00
Wesleyan University;1.00
Nagoya University;1.00
ResMed Corporation;1.00
University of Natal;1.00
University Hospital of Umeå;1.00
University of Modena-Reggio Emilia;1.00
Rhode Island Hospital and Brown University;1.00
Hebrew University;1.00
St. James’s University Hospital;1.00
Loughborough UniversityLE11 3TU;1.00
University College Cork;1.00
Mossakowski Medical Research Center;1.00
Erasmus MC - University Medical Center Rotterdam;1.00
Kirikkale University;1.00
Johns Hopkins University School of Medicine and Hygiene and Public Health;1.00
Guangdong University of Technology;1.00
University of Rome Tor Vergata and the G. B. Bietti Eye Foundation;1.00
University of California Irvine;1.00
University of Bamberg;1.00
AIMST University;1.00
Tel Aviv University Sackler Faculty of Medicine;1.00
Stanford University Cancer Center;1.00
University of Haifa;1.00
Punjab Agricultural University;1.00
University of Crete;1.00
Vienna University Medical School;1.00
George Mason University;1.00
Centre Hosp. Universitaire Vaudois;1.00
Universitat de Valencia;1.00
University of Tennessee Health Science Center;1.00
University of Valle;1.00
University Medical Centre Hamburg-Eppendorf;1.00
Anhui Agricultural University;1.00
Université Pierre et Marie Curie;1.00
Harvard University School of Public Health;1.00
Technische Universität;1.00
University of Kwa Zulu-Natal;1.00
University of Utah School of Medicine;1.00
Marmara University Medical School;1.00
Beijing University;1.00
General University of Hospital;1.00
Universidade Estadual de Campinas;1.00
Huazhong University of Science and Technology;1.00
University of Coimbra Polo II;1.00
Mercer University School of Medicine;1.00
University Park;1.00
University of the Sciences in Philadelphia;1.00
The University of Newcastle;1.00
Florence State University;1.00
Monilek Hosp. and Research Centre;1.00
University of Rajasthan;1.00
University of New Mexico Medical Center;1.00
Alpert Medical School of Brown University;1.00
Centre Hospitalier Universitaire et Faculté de Médecine de Toulouse;1.00
University of Texas at Arlington;1.00
Medical University of Gdansk;1.00
Catholic University of Leuven;1.00
Sophiahemmet University College;1.00
Western Reserve University;1.00
Université de Bordeaux;1.00
Vu University Medical Center;1.00
WA University School of Medicine;1.00
University of Illinois at Urbana-Champaign;1.00
1001 University Place;1.00
Alzheimer's Disease Research Center;1.00
University of the Philippines;1.00
Erasmus UniversityMedical School;1.00
University of Fribourg;1.00
Hong Kong Baptist University;1.00
Graz University of Technology;1.00
University of Virginia Health Sciences Center;1.00
University of Rome;1.00
Heinrich-Heine University;1.00
University Queensland;1.00
Stanford University Medical School;1.00
University of Minnesota Gamma Knife Center;1.00
Kyung Hee University;1.00
Louisiana State University Medical Center;1.00
Centre Hospitalier Affilié Universitaire de Québec;1.00
Université Pierre;1.00
Universitat Pompeu Fabra;1.00
University of Colorado Anschutz Medical Campus;1.00
Associazione Nazionale Medici Cardiologi Ospedalieri Research Center;1.00
University of Colorado at Denver;1.00
Northrup Grumman Corporation;1.00
Homerton University Hospital;1.00
Brown University School of Medicine and Rhode Island Hospital;1.00
University of Texas MD Anderson Cancer Center;1.00
Nagoya University Graduate School of Medicine;1.00
Free University;1.00
Université Joseph Fourier;1.00
Central Connecticut State University;1.00
Animal Research Centre;1.00
Université du Quebec;1.00
West Virginia University;1.00
Tribhuvan University;1.00
University of Tennessee College of Medicine;1.00
Research Centre Bygholm;1.00
University of Texas Medical School-Houston;1.00
University of Chicago Medicine;1.00
Yonsei University Health System;1.00
University Hospital Tübingen;1.00
Marmara University;1.00
National Cancer institute;1.00
Morgan State University;1.00
Virginia Polytechnic Institute and State University;1.00
Istanbul University;1.00
University of California at Berkeley;1.00
Columbia University Mailman;1.00
City University of New York;1.00
Juntendo University School of Medicine;1.00
Brandeis University;1.00
Université libre de Bruxelles;1.00
Tallinn University;1.00
University of Texas M.D. Anderson Cancer Center;1.00
King George's Medical University;1.00
University of Veterinary Medicine Hannover;1.00
Oslo Sports Trauma Research Center;1.00
Caen University Hospital;1.00
University of Palermo;1.00
University of Napoli “Federico II”;1.00
Mississippi State University;1.00
Agricultural University;1.00
Samford University;1.00
University Dept. of Medicine;1.00
University of Yaoundé I;1.00
University of Cologne;1.00
International Medical University;1.00
University of Oklahoma;0.98
University of Maryland School of Medicine;0.97
Federal University of Minas Gerais;0.96
Biomedical Research Center;0.95
University of Wales;0.89
University of Kansas Medical Center;0.89
Universitat Autònoma de Barcelona;0.89
University of Montreal;0.88
Mersin University;0.88
Research Centre for Prevention and Health;0.88
University Hospitals Leuven;0.88
University of Verona;0.87
Technische Universität München;0.87
University of Southern Queensland;0.86
University of Nebraska Medical Center;0.85
Wake Forest University School of Medicine;0.84
National University Hospital;0.84
Peking University Health Science Center;0.84
Medical University of Graz;0.82
National Cheng Kung University Hospital;0.82
Tufts University;0.82
Erasmus University Rotterdam;0.82
Chongqing Medical University;0.82
University of Cagliari;0.82
Edith Cowan University;0.81
Georgetown University Hospital;0.81
University of Eastern Finland;0.80
University of Texas Health Science Center at San Antonio;0.80
University of Leeds;0.80
University of São Paulo;0.79
University of Tsukuba;0.79
University of Texas Medical Branch at Galveston;0.79
Université du Québec à Trois-Rivières;0.79
Clinical Research Centre;0.79
State University of New York at Buffalo;0.79
University of California Davis;0.79
Washington University School of Medicine in St. Louis;0.79
University of Maryland School of Pharmacy;0.79
São Paulo University;0.79
Radboud University;0.79
Hospital of Goethe-University;0.79
A. T. Still University;0.77
St. Louis University;0.76
University Medical Center Hamburg-Eppendorf;0.76
Keele University;0.76
University of Mainz;0.76
University of Wisconsin-Madison;0.75
Oregon Regional Primate Research Center;0.75
University of Michigan School of Public Health;0.74
University of New Mexico;0.74
Injury Prevention Research Center;0.74
Technical University of Denmark;0.74
Georg-August-University;0.72
City University of Hong Kong;0.72
Sport Injury Prevention Research Centre;0.72
University of Minnesota School of Medicine;0.72
University of Texas Southwestern;0.72
Aker University Hospital;0.72
Centre Hospitalier Universitaire;0.72
Gentofte University Hospital;0.71
University of Cincinnati College of Medicine;0.71
Northwestern University Medical School;0.71
Medical Research Centre;0.70
Albert-Ludwigs University;0.70
Shahid Beheshti University of Medical Sciences;0.70
Shanghai Jiao Tong University School of Medicine;0.69
Muhimbili University College of Health Sciences;0.69
German Research Center for Environmental Health;0.69
Western Sydney University;0.68
Zhejiang University School of Medicine;0.68
Veterinary University of Vienna;0.68
University Hospital Eppendorf;0.68
Duke University Pain Prevention Center;0.68
Centre Hospitalier de l'Université de Montréal;0.68
University of California-Davis;0.68
University Hospital Nijmegen Nijmegen;0.68
Catholic University of Rome;0.68
Cancer Prevention Research Centre;0.68
University of Massachusetts Lowell;0.68
University of Geneva;0.68
Cancer Research Center of Hawaii;0.67
Loma Linda University;0.67
Stony Brook University;0.67
Wroclaw Medical University;0.67
Research Centre for Gender;0.66
National Drug and Alcohol Research Centre;0.66
Flinders University;0.66
Addis Ababa University;0.65
University of Limpopo;0.65
University of Borås;0.64
Keio University School of Medicine;0.63
University of Valencia;0.62
Tulane University School of Medicine;0.61
Emory University School of Public Health;0.61
Bielefeld University;0.61
Pharmaceutical Sciences Research Center;0.60
University of Warwick;0.60
Ajou University School of Medicine;0.60
University of Copenhage;0.60
Erasme University Hospital;0.60
Hospital Universitario de la Princesa;0.60
Manchester Biomedical Research Centre;0.60
Qingdao University of Technology;0.60
St. Patrick's University Hospital;0.60
Washington State University;0.60
University Hospital Southampton NHS Foundation Trust;0.60
Social Science Research Center Research Boulevard;0.60
University of Melbourne and Melbourne IVF Reproductive Services;0.60
University of Antioquia;0.60
Danish Pain Research Center;0.60
Université de Lyon;0.60
University of Cadiz;0.60
Hospital Clínico Universitario;0.60
Paris Cardiovascular Research Center PARCC;0.60
Nutrition and Health Research Center;0.60
Shantou University Medical College;0.60
Seowon University;0.60
Isfahan Endocrine and Metabolism Research Center;0.60
Federal University of Ceará;0.60
University Hospital Haukeland;0.60
Universitätsklinikum Eppendorf;0.60
University of Rome Tor Vergata;0.60
Hiroshima University Medical School;0.60
Case Western University;0.60
Universidade Federal do Ceará;0.60
Loyola University Chicago;0.60
Third University;0.60
The University of Texas MD Anderson Cancer Center;0.60
University of Ancona;0.60
Faculty of Social Work University;0.60
Centre Hospitalier Universitaire de Dijon;0.60
University or Southern California;0.60
Università degli Studi di Milano;0.60
University of Foggia;0.60
Folkhälsan Research Center;0.60
Miyagi University;0.60
University of Münster;0.60
KI-Alzheimer Disease Research Centre;0.60
Research Center for Eco-Environmental Sciences;0.60
University of Veszprém;0.60
University of Virginia Medical Center;0.60
The Norwegian University of Technology and Science;0.60
University of Durban-Westville;0.60
Sherbrooke University;0.60
'La Sapienza' University;0.60
Children's Environmental Health and Disease Prevention Research Center at Dartmouth;0.60
Pontificial Catholic University;0.60
Lipid and Diabetes Research Center;0.60
University of Calabria;0.60
Policlinico University Hospital;0.60
Edinburgh Napier University;0.60
Yeungnam University;0.60
Charles Darwin University;0.60
I. K. Gujral Punjab Technical University Hoshiarpur Campus;0.60
University of Strathclyde;0.60
University of Würzburg;0.60
North Shore University Hospital;0.60
University of Alabama School of Medicine;0.60
Tongji University;0.60
Priority Research Centre in Physical Activity and Nutrition;0.60
Guelph Food Research Centre;0.60
Uppsala Clinical Research Center;0.60
University of Chicago Pritzker School of Medicine;0.60
The University of Hong Kong;0.60
Hadassah - Hebrew University Hospital;0.60
University of Baltimore;0.60
The Ohio State University Medical Center;0.60
Family Medicine Research Centre;0.60
Tulane University;0.60
Jiangsu University;0.60
University Medical Center Freiburg;0.60
Hua Zhong University of Science and Technology;0.60
Onchocerciasis Chemotherapy Research Centre;0.60
University of Uppsala;0.58
University of Iowa Hospitals and Clinics;0.58
Cardiovascular Research Centre;0.58
McGill University Faculty of Medicine;0.58
University of Malaya;0.58
Centre Hospitalier Universitaire de Toulouse;0.58
Australian and New Zealand Intensive Care Research Center;0.58
Institut d'Investigació Biomèdica de Bellvitge-Hospital Universitari de Bellvitge;0.58
The University of Sydney;0.58
Columbia University Medical Center;0.58
University Hospital of Würzburg;0.58
Université Lille Nord de France;0.57
Keenan Research Centre;0.56
University of Tokyo;0.55
Taipei Medical University Hospital;0.55
Uniformed Services University of the Health Sciences;0.55
University of Pittsburgh School of Medicine;0.55
Loyola University Medical Center;0.55
Stanford University Medical Center;0.55
University of Mississippi Medical Center;0.54
University of Texas Medical School;0.54
Queen Mary University of London;0.53
Ernst Moritz Arndt University Greifswald;0.53
University Paris-Saclay;0.53
Fukushima Medical University Hospital;0.53
Deemed to be University;0.53
University Medical School Hannover;0.53
University of Wisconsin Hospital and Clinics;0.52
University of Ibadan;0.52
University Hospital Gasthuisberg;0.50
Tokai University School of Medicine;0.50
University of Basel;0.48
University of the West Indies;0.48
Curtin University of Technology;0.48
Shiraz University of Medical Sciences;0.47
Kyoto University;0.47
VU University Medical Centre;0.47
RAND Corporation;0.47
University Saarland Medical School Kirrbergerstrasse 1;0.47
University of Chinese Academy of Sciences;0.47
University of Munich;0.47
Technische Universitaet Dresden;0.47
Emory University Department of Epidemiology;0.47
Fukushima Medical University School of Medicine;0.47
St George's University of London;0.47
Arizona Emergency Medicine Research Center;0.47
Temple University School of Medicine;0.47
Behavioral Research Center;0.47
University of Denver;0.47
Rice University;0.47
University of Pittsburgh Medical School;0.47
State University of New York at Albany;0.47
University of Keele;0.47
Hokkaido University Graduate School of Medicine;0.47
Università degli Studi di Torino;0.47
Manhiça Health Research Center;0.47
Hôpitaux Universitaires de Strasbourg;0.47
Charité Universitätsmedizin Berlin;0.47
Charité University Medical Center;0.47
Erasme Universitary Hospital;0.47
University of Virginia Health Science Center;0.47
MayaTech Corporation;0.47
Crimes against Children Research Center;0.47
National Pingtung University of Science and Technology;0.47
Universidade Federal de Pernambuco;0.47
University California Irvine School of Medicine;0.47
University of Gdańsk;0.47
Nanchang University;0.47
Ernst Moritz Arndt University;0.47
Comprehensive Drug Research Center;0.47
University Hospital Schleswig-Holstein;0.47
Tokyo Medical University Hospital;0.47
Karolinska University Hospital;0.47
Free University Amsterdam;0.47
University of California-Berkeley;0.47
Gothenburg University;0.47
University of Freiburg Medical Center;0.47
University of Catania;0.47
University College London Hospitals NHS Foundation Trust;0.47
University of Texas MD Anderson;0.47
University Hospital Birmingham;0.47
University of Miami School of Medicine;0.47
Malmö University Hospital;0.47
Odense University Hospital;0.47
University of Rochester School of Medicine and Dentistry;0.46
Oxford University;0.46
University of Wisconsin School of Medicine and Public Health;0.46
University of Hawaii;0.45
Jimma University;0.44
Ludwig-Maximilian University;0.44
Auckland University of Technology;0.43
EMMES Corporation;0.43
The University of Texas M. D. Anderson Cancer Center;0.43
Örebro University;0.42
Texas AandM University Health Science Center;0.42
University of Freiburg;0.42
Hospital Universitario S. Carlos de Madrid;0.42
University of Buenos Aires;0.42
Federico II University;0.42
University Faculty of Medicine;0.42
Bergen University Hospital;0.42
University OfWisconsin School of Medicine and Public Health;0.42
Spinal Cord and Brain Injury Research Center;0.42
Ophthalmic Research Center;0.42
Charité-University Medicine Berlin;0.42
REVAL Rehabilitation and Health Care Research Centre;0.42
University of Granada;0.42
Evolution and Ecology Research Centre;0.42
Mansoura University;0.42
Hospital Universitari Vall d' Hebron;0.42
Université de Montpellier 1;0.42
Glostrup University Hospital;0.42
University of Alabama at Birmingham Center for Aging;0.42
Cambridge University Medical School;0.42
University of the West of England;0.42
University of Technology Sydney;0.42
University of Central Florida;0.42
Department of Preventive Medicine and Health Promotion Research Center;0.42
Vrije Universiteit Medical Centre;0.42
Ambo University;0.41
York University;0.41
Leibniz Center for Diabetes Research at Heinrich Heine University Düsseldorf;0.41
University of Ulster;0.40
Baylor University Medical Center;0.40
Skåne University Hospital;0.40
James Cook University;0.40
New York University School of MedicineNY;0.40
Harbin Medical University;0.40
Catholic University Leuven;0.40
University of Colorado Health Outcomes Program;0.40
Royal Liverpool University Hospital;0.40
Centre Hospitalier Universitaire Pellegrin de Bordeaux;0.40
University of California San Diego School of Medicine;0.40
1 University Station A8000;0.40
Paris-Descartes University;0.40
University of Texas Health Science Center at Houston;0.40
The Genomics Research Center;0.40
University of Houston;0.40
Brunel University London;0.40
University of Arizona School of Medicine;0.40
Third University Department of Medicine;0.40
University of Exeter;0.40
Choongnam National University;0.40
Hospital Universitario Virgen de la Nieves;0.40
University of Science and Technology Beijing;0.40
University of South Dakota;0.40
Louisiana State University Health Sciences Center;0.40
Hospital Universitario de la Laguna;0.40
University of Cincinnati Medical Center;0.40
University of Derby;0.40
G.B. Pant University of Agriculture & Technology;0.40
University of Firenze;0.40
University of Texas Southwestern Medical School;0.40
Childrens Foundation Research Center;0.40
University of Exeter Medical School;0.40
Jikei University;0.40
University General Hospital of Heraklion;0.40
Siirt University;0.40
Chemical Research Center;0.40
Urologische Universitätsklinik;0.40
Cambridge University Hospitals NHS Foundation Trust;0.40
Central University of Ecuador;0.40
Hahnemann University;0.40
University General Hospital of Gregorio Marañón;0.40
Universitätsstraße 25;0.40
Monash University Central;0.40
Suzhou University of Science and Technology;0.40
University of Washington School of Public Health and Community Medicine;0.40
Hatter Institute for Cardiovascular Research University of Cape Town;0.40
University of San Buenaventura;0.40
Patient-Centered Comparative Effectiveness Research Center;0.40
Universidade Federal de Sao Paulo;0.40
Oxford Brookes University;0.40
Pusan National University;0.40
University Institute of Geriatrics;0.40
University Dr.;0.40
Universidade Eduardo Mondlane;0.40
600 University Avenue;0.40
Free University of Brussels;0.40
Tohoku University;0.40
Brown University Medical School;0.40
University of Sherbrooke;0.40
University of Rome La Sapienza;0.40
University Marburg;0.40
University of Versailles-Saint Quentin;0.40
University of Lausanne;0.40
Catholic University of America;0.40
Qingdao Binhai University;0.40
University of Limerick;0.40
One University Avenue;0.40
Oxford University Hospitals;0.40
and the Uniformed Services University of the Health Sciences;0.40
Liver Research Center;0.40
University of Colombo;0.40
Nelson Mandela Metropolitan University;0.40
Vanderbilt University Medical Center and Vanderbilt-Ingram Cancer Center;0.40
Modena and Reggio Emilia University;0.40
Oulu University Hospital;0.40
1675 University Boulevard;0.40
Cornell University Medical College;0.40
Fuzhou University;0.40
Western Regional Research Center;0.40
Korea University Medical Center;0.40
Hospital Universitario de Getafe;0.40
550 University Ave.;0.40
Lions Vision Research Center;0.40
Loma Linda University Medical Center;0.40
University Alma Mater of Bologna;0.40
St Olav's University Hospital;0.40
Indiana University Health;0.40
University of Ghana Medical School;0.40
University of Wisconsin Paul P. Carbone Comprehensive Cancer Center;0.40
National University of Singapore117585;0.40
University of Gottingen;0.40
Universita degfi Studi di Milano;0.40
University of Navarra;0.40
Johns Hopkins University Bloomberg School of Public Health;0.40
University of California at Los Angeles;0.40
Örebro University Hospital;0.38
Medical School-Clínica Universitaria;0.38
Université Paris Diderot-Paris 7;0.38
Tampere Research Center of Sports Medicine;0.38
555 University Avenue;0.38
University Medical Centre St. Radboud;0.38
University of Otago Medical School;0.38
Medical Effectiveness Research Center for Diverse Populations;0.38
Joint Clinical Research Centre;0.38
Clinical Research Centre for Occupational Musculoskeletal Disorders;0.38
Research Centre of Applied and Preventive Cardiovascular Medicine;0.38
Strathclyde University;0.38
Cruces University Hospital;0.38
Hospital Universitario 12 de Octubre;0.38
Ludwig-Maximilians University Munich;0.38
University of Kurdistan;0.38
University of Texas Health Sciences Center-Houston;0.38
University of Natural Resources and Applied Life Sciences;0.38
Uppsala University Hospital;0.38
University of Medicine and Dentistry of New Jersey;0.38
University at Buffalo;0.38
Pompeu Fabra University;0.37
Saint Marianna University School of Medicine;0.37
Medical University Graz;0.37
Paracelsus Medical University;0.37
Ariel University;0.37
Children's Hospital of Pittsburgh of University of Pittsburgh Medical Center;0.37
University of California Los Angeles;0.36
Massey University;0.36
Umeå University Hospital;0.36
Iran University of Medical Sciences;0.35
Centre of Reproductive Medicine and Andrology of the University;0.35
GSF National Research Centre for Environment and Health;0.35
University of Tennessee School of Health Sciences;0.35
Genomics Research Center;0.35
Heinrich Heine University Düsseldorf;0.35
University Hospital UMAS;0.35
Hospital Universitari de Bellvitge;0.35
Hospital Universitario Carlos Haya;0.35
University College London Cancer Trials Centre;0.35
University of Innsbruck;0.35
Universidade Estadual Paulista;0.35
Turku University Hospital;0.35
McGill University Health Centre;0.35
Universiteit Utrecht;0.35
State University of New York;0.34
Tianjin Medical University;0.34
University Hospital of Dijon;0.34
University of California School of Medicine;0.34
University of Athens;0.34
University Hospital Zurich;0.34
Hebrew University-Hadassah Medical School;0.33
Northwest Cancer Research Centre;0.33
APHP-Université Paris Sud;0.33
California State University;0.32
University of Massachusetts Boston;0.32
Marshall University;0.32
King Saud University;0.32
Queens University Belfast;0.32
University of Pernambuco;0.32
St George's University Medical School;0.32
Radboud University Medical Center;0.32
J. Philip Kistler Stroke Research Center;0.32
Metroplex Clinical Research Center;0.32
Tulane University Translational Science Institute;0.32
University of Muenster;0.32
Universite Libre de Bruxelles;0.32
Sapporo Medical University;0.32
Université Paris-Descartes;0.32
University Teaching Hospital;0.32
University Hospital Gent;0.32
Universitaetsklinik;0.32
Rocky Mountain University of Health Professions;0.32
National Research Centre for Environmental Toxicology;0.32
Örebro University Hospital and Örebro University;0.32
Mukogawa Women's University;0.32
Renmin Hospital of Wuhan University;0.32
Bellevue Hospital and New York University School of Medicine;0.32
Escorts Heart Institute and Research Centre;0.32
Ishikawa Prefectural University;0.32
Kinki University School of Medicine;0.32
Klinikum der JW Goethe Universitaet;0.32
Nestlé Research Centre;0.32
University Department of Geriatric Medicine;0.32
Universitätsmedizin Berlin;0.32
British Heart Foundation Glasgow Cardiovascular Research Centre;0.32
University/BHF Centre for Cardiovascular Science;0.32
University of Bremen;0.32
University Hospitals Birmingham NHS Trust;0.32
University of New Hampshire;0.32
University Hospital Nijmegen;0.32
The University of Oklahoma;0.32
University Medical Center Rostock;0.32
University of Massachusetts-Amherst;0.32
Psychiatric Research Centre;0.32
University of Namibia;0.32
Kyoto Prefectural University of Medicine;0.32
George Washington University Medical School;0.32
GSF-National Research Center for Environmental and Health;0.32
Highway Safety Research Center;0.32
University of Wales Swansea;0.32
University of York;0.32
Oral Science Research Centre;0.32
and University of Oxford;0.32
Lincoln University;0.32
University Hospital Aintree;0.31
University of Nijmegen;0.31
University of Birmingham Centre for Cardiovascular Sciences;0.29
Copenhagen University Hospital Rigshospitalet;0.28
Chang Gung University;0.28
Cardiff University School of Medicine;0.28
Kyungpook National University;0.28
Karaelmas University;0.28
University of Siena;0.28
Free University and Humboldt University;0.28
University of Nebraska/Creighton University;0.28
Research Center for Prevention and Health;0.28
Université Victor Ségalen Bordeaux 2;0.28
Silesian Center for Heart Disease Silesian Medical University;0.28
University of Jeddah;0.28
PHL University College;0.28
Research Centre for the Oceans and Human Health;0.28
University of California San Fransisco;0.28
Yonsei University College of Medicine;0.28
University Department of Pathological Biochemistry;0.28
Florida Polytechnic University;0.28
University of New Mexico School of Medicine;0.28
Concordia University;0.28
Middlesex University London;0.28
Kwandong University;0.28
University Amsterdam;0.28
American University of Armenia;0.28
Cardiac Arrhythmia Service and Cardiovascular Research Center;0.28
University of Washington School of Nursing;0.28
Aichigakuin University;0.28
Hospital Universitario Virgen de la Candelaria;0.28
Tohoku University School of Medicine;0.28
University of Otago Christchurch;0.28
Herzzentrum Universität Leipzig;0.28
Rikshospitalet University Hospital;0.28
King Faisal Specialist Hospital and Research Centre;0.28
University of Tokyo Hospital;0.28
Al-Qadisiya University;0.27
University of Liverpool;0.27
Arctic University of Norway;0.26
National University Health System;0.26
University Surgical Clinic;0.26
Inflammatory Bowel Disease Clinical and Research Centre;0.26
Université Paris Descartes 5;0.26
University of Texas Southwestern Medical Center/Children's Medical Center;0.26
Aalborg University;0.26
University of Pittsburgh Cancer Institute;0.26
Boston University's Framingham Heart Study;0.26
University of Tennessee Health Sciences Center-Memphis;0.26
University of the Basque Country;0.26
University Department of Community Health and General Practice;0.26
University of Napoli;0.26
Neuroscience Research Center;0.26
Dipartimento Scienze Ambientali-Universita Ca' Foscari di Venezia Dorsoduro 2137;0.26
Hospital Universitario Marques de Valdecilla;0.26
University of Zimbabwe Clinical Research Centre;0.26
University of Zagreb;0.26
Vrije Universiteit;0.26
Makerere University;0.25
University of Perugia Medical School;0.24
Alzheimer Disease Research Center;0.24
VU University Amsterdam;0.24
University of Giessen;0.24
Marmara University School of Medicine;0.24
University Medical Center Hamburg–Eppendorf;0.24
Free University and Humboldt University of Berlin;0.24
University of Oklahoma Health Sciences Center;0.24
University Clinic for Visceral Surgery and Medicine;0.24
Georgia State University;0.24
University of Jyvaskyla;0.24
Northwestern University Feinberg;0.24
Macquarie University;0.24
Balamand University Medical School;0.24
Burgundy University;0.24
Rush University;0.24
Nutritional Physiology Research Centre;0.24
China Medical University Hospital;0.24
Child Health Corporation of America;0.24
St Olav University Hospital;0.24
University of Minnesota School of Public Health;0.23
610 University Ave. 3-130;0.23
Anglia Ruskin University;0.23
International Research Center;0.23
Hanyang University Medical Center;0.23
Università Vita-Salute H San Raffaele;0.23
University of WisconsinEau Claire;0.23
University of Bonn;0.23
Virginia Mason Research Center;0.23
Sungkyunkwan University;0.23
Oregon State University;0.23
Université Catholique de Louvain;0.23
Seoul National University Hospital;0.22
Simon Fraser University;0.22
University of Texas Health Science Center;0.22
Université de Paris;0.22
La Pitié-Salpétrière-University Hospital;0.22
University of Las Palmas of Gran Canaria;0.22
University Hospital of Lome;0.22
University of Ioannina;0.22
University of Padova;0.22
Ludwig-Maximilians-University of Munich;0.22
University of Connecticut Health Center;0.21
University of Tromsø;0.21
Queen's University of Belfast;0.21
Ben-Gurion University of the Negev;0.21
University of Tübingen;0.21
University of Leuven;0.21
Renmin University of China;0.21
University Hospital Dresden;0.21
Hanze University of Applied Sciences;0.21
620 University Ave;0.21
Universidade Federal de Ceará;0.21
Hong Kong University of Science and Technology;0.21
258 MacNider University of North Carolina;0.21
University Hospital Giessen and Marburg GmbH;0.21
Z i e L Research Center for Nutrition and Food Sciences;0.21
University Lübeck;0.21
University of Balamand;0.21
University of the Western Cape;0.21
Limburg University Center;0.21
Université du Québec en Abitibi-Témiscamingue;0.21
Sapporo Medical University Graduate School of Health Sciences;0.21
301 University Blvd;0.21
Naresuan University;0.21
University of Toledo;0.21
Charité University Medicine;0.21
University of Cartagena;0.21
University of Oklahoma College of Medicine;0.21
Hospital General Universitario de Elche;0.21
Wageningen University;0.21
Ondokuz Mayis University Medical School;0.21
McMaster University Medical Center;0.21
Université Paris-Sud;0.21
Cancer Research Center;0.21
Vanderbilt University Spinal Column Surgical Quality and Outcomes Research Laboratory;0.21
Nanyang Technological University;0.21
Johns Hopkins University School of Hygiene and Public Health;0.21
University of Luebeck;0.21
The University of the South;0.21
Ehime University;0.21
Polytechnic University of Marche;0.21
Université Nangui Abrogoua;0.21
Indiana University Health Methodist Hospital;0.21
Harvard University School of Medicine;0.21
University of Texas Health Sciences Center;0.21
Universita di Veronà;0.21
Western Michigan University;0.21
University of Brescia;0.21
Technical University;0.21
Sheffield University;0.21
Aalborg University Hospital;0.21
Duke Clinical Research Center;0.20
Taipei Medical University;0.19
Suez Canal University;0.19
Hvidovre University Hospital;0.19
University HealthSystem Consortium;0.18
University of Malawi College of Medicine;0.18
University Hospital Rotterdam;0.18
University of Alcala;0.18
University of Utrecht;0.18
Human Nutrition Research Center on Aging;0.18
Wake Forest University Baptist Medical Center;0.18
Duke-National University;0.18
Novartis Pharmaceuticals Corporation;0.18
University of Perugia;0.18
University of Pisa;0.18
University of Vermont Medical College;0.18
Université Pierre et Marie Curie-Paris 6;0.18
The EMMES Corporation;0.18
Sejong University;0.18
Hospital Universitario de Canarias;0.18
Glasgow Biomedical Research Centre;0.18
California Polytechnic State University;0.18
University Hospital Uppsala;0.18
Loma Linda University School of Medicine;0.18
Paris University UPMC;0.18
Case Western Researve University;0.18
Chung-Ang University Medical Center;0.18
Magna Græcia University;0.18
University of Heidelberg;0.18
China Medical University;0.18
Los Angeles County + University of Southern California Medical Center;0.17
Ton Duc Thang University;0.17
Hospital Universitario San Carlos;0.17
Cliniques Universitaires Saint-Luc;0.17
University Health Services;0.17
Consorzio Interuniversitario Nazionale La Chimica per l'Ambiente;0.17
University of Western Australia Centre for Medical Research;0.17
The University of Edinburgh;0.17
Columbia University College of Physicians and Surgeon;0.17
University of Twente;0.17
Cliniques Universitaires Saint Luc;0.17
Aichi Medical University;0.17
University of Waterloo;0.17
Universiteitssingel 40;0.17
Tel-Aviv University;0.17
Providence University;0.17
Chronic Disease Research Centre;0.17
Université René Descartes;0.17
University Munich;0.16
Optical Instrumentation Research Center;0.16
Ankara University Faculty of Medicine;0.16
Laval University;0.16
Klinikum der Universität zu Köln;0.16
Karolinska Institutet and Stockholm University;0.16
University Avenue;0.16
University of California Davis School of Medicine;0.16
The University of the West Indies;0.16
Maastricht University Medical Centre;0.16
St. George's University of London;0.16
Kuopio Research Centre of Geriatric Care;0.16
University of Notre Dame Australia;0.16
Vrije Universiteit Brussel;0.16
VU University;0.16
Universitair Ziekenhuis Gent;0.15
Carnegie Mellon University;0.15
University of Thessaly;0.15
Canadian Heart Research Centre;0.15
Prevention Research Center;0.15
Harvard University Health Services;0.15
Strasbourg University Hospitals;0.15
National Clinical Research Center of Cancer;0.15
Duke National University of Singapore Graduate Medical School;0.15
Hospital General Universitario Valle Hebron and Ciber-ehd Del Instituto Carlos III;0.15
Seoul National University Bundang Hospital;0.15
Ruhr University;0.15
Gachon University;0.15
Pierre and Marie Curie University;0.15
Centre Hospitalo Universitaire Mustapha;0.15
Université de Lorraine;0.15
University of Medicine and Dentistry;0.15
University of São Paulo Medical School;0.15
Wollo University;0.15
University of Saskatchewan;0.14
Technical University of Munich;0.13
Centre Hospitalo Universitaire;0.13
Stony Brook University School of Medicine;0.13
University of California Los AngelesCA;0.12
University of Berne;0.12
University of Maryland Medical Center;0.12
Nanyang Technological University639798;0.12
University of Milano-Bicocca;0.12
Tromsø University Hospital;0.12
Xinhua Hospital affiliated to Shanghai Jiao Tong University School of Medicine;0.12
Hacettepe University of Physical Therapy and Rehabilitation School;0.12
Universite de Liege;0.12
University of California at San Diego Department of Psychiatry;0.12
University of Wisconsin Medical School;0.12
University of Iowa College of Public Health;0.12
University of Wisconsin- Madison;0.12
Free University of Amsterdam;0.12
301 University Blvd.;0.12
Athens University Hospital Attikon;0.12
Computer Sciences Corporation;0.12
Sungkyunwan University;0.12
8D8702 University Hospital;0.12
University College London Medical School;0.12
Donetsk National Medical University named after M. Gorky;0.12
Hospital Universitari de Tarragona Joan XXIII;0.12
University Hospital of Geneva;0.12
VIT University;0.12
Natl. Health Insurance Corporation;0.12
A. Meyer Children's University Hospital;0.12
Université de Lille;0.12
Celgene Corporation;0.12
IBM Corporation;0.12
Boston Scientific Corporation;0.12
University College Dublin;0.12
Monash Medical Centre and Monash University;0.12
Emory University Medical School;0.12
Ajou University Medical Center;0.12
Aga Khan University;0.12
APHP-Université Paris VII;0.12
Sun Yat-sen University;0.11
Moi University;0.11
University of Utah Health Sciences Center;0.11
Université Paris 7;0.11
Medical University in Bialystok;0.11
National Taiwan University Hospital Yun-Lin Branch;0.11
Hospital Universitario Getafe Madrid;0.11
University of New Haven;0.11
Cancer Care Research Centre;0.11
University of Texas-Houston Health Science Center;0.11
Geneva University Hospitals;0.11
Fu-Jen University;0.11
University of Zimbabwe Medical School;0.11
Universitat Reus;0.11
International Black Sea University;0.11
University of Florida-Jacksonville;0.11
Injury and Osteoporosis Research Centre;0.11
Department of Pediatrics Duke University;0.11
University of Rijeka;0.11
Université Paris 6;0.11
Medical School-Clinica Universitaria;0.11
University Center of Psychiatry;0.11
University of Mississippi;0.11
Florida Atlantic University;0.11
Ohio State University Medical Center;0.11
Ohio State University Heart Center;0.11
Norfolk and Norwich University Hospital;0.11
University of Oviedo;0.11
Hospital Universitario Ramón y Cajal;0.11
Children's Nutrition Research Center;0.11
Baylor University School of Medicine;0.11
Jönköping University;0.11
Medical University of Innsbruck;0.11
and Language Research Centre;0.11
Ege University Faculty of Medicine;0.11
University Essen;0.11
F. Skubiszewski Medical University;0.11
University of Kwa-Zulu Natal;0.11
Friedrich Schiller University;0.11
Södertörn University;0.10
National Yang Ming University;0.10
Research Center for Biochemistry and Nutrition in Metabolic Diseases;0.10
University Hospital Halle;0.10
RMIT University;0.10
University Augsburg;0.10
Ohio State University College of Medicine;0.10
University of Kiel;0.10
Hospital Clínico Universitario de Valencia;0.10
Stanford Prevention Research Center;0.10
Nova South Eastern University;0.10
Princeton University;0.10
University of Southern;0.10
University of New Brunswick;0.10
Landspitali-University Hospital;0.10
Turku University Central Hospital;0.10
University Hospital Pierre Wertheimer;0.10
Tianjin Medical University Cancer Institute and Hospital;0.10
Centre Hospitalier Universitaire Sainte-Justine;0.10
Cundinamarca University;0.10
Ste.-Justine Research Centre;0.10
University Hospital of Ludwig-Maximilians-University;0.10
Dongguk University International Hospital;0.10
Keimyung University Dongsan Medical Center;0.10
Universitair Psychiatrisch Centrum-Katholieke;0.10
Freie Universität Berlin;0.10
Universitat Oberta de Catalunya/Open University of Catalonia;0.10
University of Goettingen;0.10
Instituto Universitario de Oncologia del Principado de Asturias;0.10
Haramaya University;0.10
University of California San Diego;0.10
Newcastle University;0.09
Hackensack University Hospital;0.08
St. Vincent University Hospital;0.08
Molecular Medicine Research Centre;0.08
Copenhagen University Hospitals;0.08
Children's University Hospital;0.08
Hospital Universitario Vall d'Hebron;0.08
University of Stirling;0.08
Dresden Technical University;0.08
University of Virginia School of Medicine;0.08
University Hospital Lewisham;0.08
Ilia State University;0.08
University of Medicine and Dentistry of New Jersey-New Jersey Medical School;0.08
University of Düsseldorf;0.08
Gent University;0.08
Los Angeles County + University of Southern California Hospital;0.08
Université Paris Sud;0.08
Istanbul University Istanbul Faculty of Medicine;0.07
University of Ulm Medical Center;0.07
Yokohama City University Graduate School of Medicine;0.07
University of Guelph-Humber;0.07
University of Toulouse;0.07
Leibniz Center for Diabetes Research at the Heinrich-Heine-University Düsseldorf;0.07
State University;0.07
Woosong University;0.07
Medical University of Vienna;0.07
University of Vienna;0.07
Hospital Universitari Vall d'Hebron;0.07
University Hospital of RWTH Aachen;0.07
Université de Lyon - Centre Léon Bérard;0.07
University of California in Los Angeles;0.07
Poznan University of Medical Sciences;0.07
University of Alabama at Birmingham School of Medicine at Birmingham;0.07
Martin Luther University;0.07
Parenting Research Centre;0.07
Federal University;0.07
Kashan University of Medical Sciences;0.07
Biomedic Diagnostic Centre University Hospital Clínic de;0.07
University of Kwazulu-Natal;0.07
Midwestern University Chicago College of Pharmacy;0.07
Ludwig-Maximilians-University Hospital Grosshadern;0.07
University of California - San Diego Health System;0.07
University of Iceland;0.07
Nancy University;0.07
Xiamen Eye Center of Xiamen University;0.07
University of Arkansas for Medical Sciences;0.07
University for Health Sciences;0.07
Heinrich-Heine-University;0.07
Hospital Universitari Son Dureta;0.07
University of Ulsan;0.07
Korea University Guro Hospital;0.07
Universiteit Leuven;0.07
Rennes University Hospital;0.07
Medizinische Universität Wien;0.07
University Medical Center Leipzig;0.05
Université Lyon 1;0.05
Policlinico Universitario;0.05
University of Queensland Centre for Clinical Research;0.05
Swansea University;0.05
University Campus;0.05
550 N. University Blvd.;0.05
Hospital General Universitario Gregorio Marañon;0.05
Koc University School of Medicine;0.05
Universidade Federal de São Paulo;0.05
Teikyo University School of Medicine;0.05
Oslo University College;0.05
Sorbonne Universités;0.05
University of Missouri-Kansas City School of Medicine;0.05
St. Olavs University Hospital;0.05
University of Sao Paulo;0.05
Federal University of Parana;0.05
Hôpitaux Universitaires de Genève;0.05
University of Pittsburgh School of Engineering;0.05
Philipps University;0.05
Monash Health and Monash University;0.05
Hospital Universitario de Cruces;0.05
Linköping University Hospital;0.05
New York University Medical School;0.05
University of Berlin;0.05
Youngstown State University;0.05
Université de Sherbrooke;0.05
Helsinki University Hospital;0.05
University of Tampere and Research Unit;0.05
Metz University Paul Verlaine;0.05
Hiroshima International University;0.04
International Clinical Research Center;0.04
Chronic Diseases Research Center;0.04
University of Western Cape;0.04
Inje University;0.04
University of Rennes 1;0.04
Chouaib Doukkali University;0.04
Western Michigan University Homer Stryker M.D.;0.04
University Hospitals Bristol;0.04
Universitatsklinik fur Innere Medizin III Klinische Abteilung fur Gastroenterologie und Hepatologie;0.04
Wolaita Sodo University;0.04
Justus Liebig University Giessen;0.04
Arizona State University;0.04
Applied Health Research Centre;0.04
Universidade Nova de Lisboa;0.03
Universitetsparken 2;0.03
Northwestern University School of Medicine;0.03
GSF National Research Center for Environment and Health;0.03
University Hospital Heidelberg;0.03
Azienda Ospedaliero-Universitaria;0.03
University of Washington Medical Center;0.03
Health Services at Columbia University;0.03
Federal University of São Paulo;0.03
Università degli Studi;0.03
Antwerp University Hospital;0.03
Paris University Descartes;0.03
Nankai University;0.03
University of Umeå;0.03
Western University;0.03
Athens University Medical School;0.03
Federal University of Pelotas;0.03
St. Anne's University Hospital Brno;0.03
St. George Hospital University Medical Center;0.03
Isfahan Cardiovascular Research Center;0.03
National Jewish Medical and Research Center;0.03
Inha University;0.03
Chungnam National University Hospital;0.03
National Ribat University;0.03
Paris Descartes University;0.03
Madawalabu University;0.03
Carleton University;0.02
Universitäts-Augenklinik;0.02
Hospital Universitario Joan XXIII;0.02
University of Michigan Medical Center;0.02
Università di Genova;0.02
Loyola University;0.02
University of Ghana;0.02
Biomedical Research Center/04B317;0.02
Dumont-University of California Los Angeles Liver Transplant Center;0.02
Lakeridge Health Corporation;0.02
National Institute for Health Research Biomedical Research Centre;0.02
Dijon University Hospital;0.02
Gachon University of Medicine and Science;0.02
Kangwon National University Hospital;0.02
St John of God Clinical Research Centre;0.02
University of Turin;0.02
Edinburgh Cancer Research Centre;0.02
IRCCS St John of God Clinical Research Centre//IRCCS Centro S. Giovanni di Dio Fatebenefratelli;0.02
Debre Markos University;0.02
Mekelle University;0.02
University College of London Institute of Ophthalmology;0.01
Université Paris VII-Denis Diderot;0.01
University of Split;0.01
L'Université Laval;0.01
Goethe University Hospital;0.01
George Washington University School of Medicine;0.01
Ankara University;0.01
Kangwon National University;0.01
Soon Chun Hyang University Hospital;0.01
University of Valencia and CIBER Fisiopatologia de la Obesidad y Nutricion;0.01
Université Paris Descartes-Sorbonne Paris Centre;0.01
Hadassah University Hospital;0.01
Ulster University;0.01
Colegio Mayor de Cundinamarca University;0.01
University of Minnesota Medical School;0.01
Independent University Bangladesh;0.01
Chungbuk National University;0.01
Dong-A University Hospital;0.01
NORT/Aix-Marseille University;0.01
NIHR Biomedical Research Centre;0.01
Helsinki University;0.01
University of Gondar;0.01
University of Coimbra;0.01
University of Zimbabwe;0.01
St James's University Hospital;0.01
Chonnam National University Hospital;0.01
University of Antwerp;0.01
Aintree University Hospital NHS Foundation Trust;0.01
The University of Queensland;0.01
Otto-von-Guericke University;0.01
Debre Berhan University;0.01
Ulsan University Hospital;0.00
Washington University Barnes-Jewish Hospital;0.00
University of Pretoria;0.00
Balamand University;0.00
University Hospital CHU of Liège;0.00
University of Duisburg-Essen;0.00
Oxford National Institute for Health Research Biomedical Research Centre;0.00
Bahir Dar University;0.00
Université Lille;0.00
CES University;0.00
University Claude Bernard Lyon 1;0.00
Harvard University Medical School;0.00
St George Hospital University Medical Center;0.00
University of Malta;0.00
Centre Hospitalo Universitaire Ignace Deen;0.00
George Washington University Medical Center;0.00
University of Edinburgh Medical School;0.00
Ryerson University;0.00
University Paris Diderot and Paris Descartes;0.00
Carl-Gustav-Carus University;0.00
Ruprecht-Karls-University Heidelberg;0.00
Endocrinology and Metabolism Research Center;0.00
Université Bordeaux;0.00
University Hospital Mannheim;0.00
Universitair Psychiatrisch Centrum;0.00
Glasgow Cardiovascular Research Centre;0.00
University of Canberra;0.00
Katholieke Universiteit Leuven;0.00
Survey Research Center;0.00
Leiden University;0.00
Southern University College;0.00
Hematologic Malignancies Research Center;0.00
University Hospital Karlsruhe;0.00
University of Lübeck;0.00
Hematology-Oncology and Stem Cell Transplantation Research Center;0.00
Federal University of Espírito Santo;0.00
Universität zu Lübeck;0.00
University Center of Excellence on Mental Health Research;0.00
University of München-Grosshadern;0.00
Anxiety Clinic and Research Center;0.00
University Medical Center Göttingen;0.00
University Hospital Munich;0.00
Christian-Albrechts-University Kiel;0.00
University of Cape Coast;0.00
University of Köln;0.00
MS Research Center;0.00
Non-Communicable Diseases Research Center;0.00
Rijksuniversiteit Groningen;0.00
Uro-Oncology Research Center;0.00
Ulm University;0.00
Ernst-Moritz-Arndt-University;0.00
Southern Illinois University;0.00
Technischen Universität München;0.00
Teikyo University;0.00
Non-communicable Diseases Research Center;0.00
Ludwig-Maximilians-Universität;0.00
University of Erlangen;0.00
Friedrich-Wilhelm University;0.00
Shanghai Jiao Tong University;0.00
Gastrointestinal and Liver Disease Research Center;0.00
Sina Trauma and Surgery Research Center;0.00
Friedrich-Schiller University Jena;0.00
Preventative Medicine and Public Health Research Center;0.00
North-West University;0.00
University Hospital Essen;0.00
Qom University of Medical Sciences;0.00
Pozna'n University of Medical Sciences;0.00
University of Lower Silesia;0.00
Arba Minch University;0.00
Arak University of Medical Sciences;0.00
Northumbria University;0.00
Medizinische Universitätsklinik;0.00
NonCommunicable Diseases Research Center;0.00
Manonmaniam Sundaranar University;0.00
Alborz University of Medical Sciences;0.00
Alzheimer Scotland Dementia Research Centre;0.00
University of Extremadura;0.00
Maragheh University of Medical Sciences;0.00
Environmental Determinants of Health Research Center;0.00
University of QueenslandQLD;0.00
Imam Ali Cardiovascular Research Center;0.00
Managerial Epidemiology Research Center;0.00
University of Wisconsin-Milwaukee;0.00
Hamadan University of Medical Sciences;0.00
Kermanshah University of Medical Sciences;0.00
Dalarna University;0.00
University Heart Center of Hamburg;0.00
University Ferhat Abbas of Setif;0.00
National Research University;0.00
Global Health Research Center;0.00
Duke Kunshan University;0.00
University of Ottawa Heart Institute;0.00
Cardiovascular Research Center;0.00
University Hospitals Bristol NHS Foundation Trust;0.00
King Abdullah International Medical Research Center;0.00
Erbil Polytechnic University;0.00
Interuniversity Cardiology Institute of the Netherlands;0.00
Ishik University;0.00
Charité University Medical Center Berlin;0.00
Humanitas University;0.00
University of Belgrade;0.00
Humanitas Clinical and Research Center;0.00
Carol Davila University of Medicine and Pharmacy;0.00
Azienda Ospedaliero-Universitaria di Parma;0.00
Zahedan University of Medical Sciences;0.00
EPIMED Research Center;0.00
University of the Philippines Manila;0.00
University of Insubria;0.00
Ludwig Maximilians University;0.00
Universidade do Porto;0.00
Geneva University Hospital;0.00
Catholic University of Portugal;0.00
HUNT Research Center;0.00
University of Peradeniya;0.00
University Institute of Public Health;0.00
Universidade Federal do Rio Grande do Sul;0.00
Trondheim University Hospital;0.00
University of Lahore;0.00
University of Hail;0.00
Lund University Diabetes Center;0.00
Federal University of Santa Catarina;0.00
Mazandaran University of Medical Sciences;0.00
Health Sciences Research Center;0.00
King Abdulaziz University;0.00
University Medical Centrum Groningen;0.00
Molecular and Cell Biology Research Center;0.00
Toxoplasmosis Research Center;0.00
Sorbonne Université;0.00
Jordan University of Science and Technology;0.00
Seoul National University College of Medicine;0.00
Seoul National University Medical Center;0.00
Heidelberg University Hospital;0.00
Jazan University;0.00
Ball State University;0.00
Health Management and Economics Research Center;0.00
Minimally Invasive Surgery Research Center;0.00
Brown University School of Public Health;0.00
Physiology Research Center;0.00
Preventive Medicine and Public Health Research Center;0.00
Case Western Reserve University School of Medicine;0.00
Social Determinants of Health Research Center;0.00
Folkhäl-san Research Center;0.00
Lorestan University of Medical Sciences;0.00
Mizan-Tepi University;0.00
Jagiellonian University Medical College;0.00
National Research University Higher School of Economics;0.00
Babol University of Medical Sciences;0.00
Social Determinant of Health Research Center;0.00
Woldia University;0.00
University of Porto;0.00
Comenius University;0.00
Metropolitan Autonomous University;0.00
National University of Colombia;0.00
Alfaisal University;0.00
NIHR Oxford Biomedical Research Centre;0.00
Aksum University;0.00
Duy Tan University;0.00
Federal University of Sergipe;0.00
AT Still University;0.00
Kobe University;0.00
University Sidi Mohammed Ben Abdellah;0.00
Arabian Gulf University;0.00
Hamdan Bin Mohammed Smart University;0.00
Tabriz University of Medical Sciences;0.00
Cairo University;0.00
Hawassa University;0.00
Curtin University;0.00
Guilan Road Trauma Research Center and School;0.00
Guilan University of Medical Sciences;0.00
Central South University;0.00
University of Liberia;0.00
University of Kragujevac;0.00
Banaras Hindu University;0.00
University of Social Welfare and Rehabilitation Sciences;0.00
Czestochowa University of Technology;0.00
University of Opole;0.00
Samara University;0.00
Ahvaz Jundishapur University of Medical Sciences;0.00
University of Management and Technology;0.00
Dow University of Health Sciences;0.00
Imam Muhammad Ibn Saud Islamic University;0.00
Yuksek Ihtisas University;0.00
University of Nairobi;0.00
Aintree University Hospital National Health Service Foundation Trust;0.00
Surgery Department University of Liverpool;0.00
Trnava University;0.00
Emergency University Hospital Bucharest;0.00
Debre Tabor University;0.00
University of West Florida;0.00
University Centre Varazdin;0.00
University North;0.00
Pomeranian Medical University;0.00
Bucharest University of Economic Studies;0.00
Frankfurt University of Applied Sciences;0.00
University of Messina;0.00
Department of Epidemiology and Biostatistics and Social Determinants of Health Research Center;0.00
Kurdistan University of Medical Sciences;0.00
Science University of Malaysia;0.00
Nishtar Medical University;0.00
Hospital of the Federal University of Minas Gerais;0.00
State University of Semarang;0.00
Taipei University;0.00
University of Lagos;0.00
Autonomous University of Chile;0.00
Moscow State University;0.00
Jagadguru Sri Shivarathreeswara University;0.00
BRAC University;0.00
University College London Hospitals;0.00
Federal University of Uberlândia;0.00
Golestan Research Center of Gastroenterology and Hepatology;0.00
Muhimbili University of Health and Allied Sciences;0.00
Golestan University of Medical Sciences;0.00
University of Sharjah;0.00
Ain Shams University;0.00
Utkal University;0.00
Dezful University of Medical Sciences;0.00
Islamic Azad University;0.00
Martin Luther University Halle-Wittenberg;0.00
Brasília University;0.00
Health Research Institute of the University Hospital de la Princesa;0.00
Autonomous University of Madrid;0.00
Ahmadu Bello University;0.00
Australian Catholic University;0.00
University Hospital Doctor Peset;0.00
Hanoi Medical University;0.00
Military Medical University;0.00
Gomal University;0.00
Foundation University Medical College;0.00
Foundation University;0.00
King Fahd University of Petroleum and Minerals;0.00
Jackson State University;0.00
Tsinghua University;0.00
Wuhan University;0.00
University Hospital of Setif;0.00
